{
  "controller/App.controller.js": 1732613934316,
  "model/models.js": 1732613934312,
  "controller/View1.controller.js": 1732613934320,
  "i18n/i18n.properties": 1732613934312,
  "manifest.json": 1732618775498,
  "Component.js": 1732613934308,
  "model/models-dbg.js": 1732613934312,
  "model/models.js.map": 1732618775680,
  "controller/View1-dbg.controller.js": 1732613934320,
  "controller/View1.controller.js.map": 1732618775680,
  "controller/App-dbg.controller.js": 1732613934316,
  "controller/App.controller.js.map": 1732618775679,
  "Component-dbg.js": 1732613934308,
  "Component.js.map": 1732618775680,
  "Component-preload.js": 1732618775762,
  "Component-preload.js.map": 1732618775762,
  "view/View1.view.xml": 1732613934316,
  "view/App.view.xml": 1732613934316,
  "css/style.css": 1732613934316,
  "index.html": 1732613934308
}